{
    "ankle_L": [
        [
            0.04379388317465782,
            -0.03567779064178467,
            0.06437629461288452
        ],
        [
            0.04379384219646454,
            -0.1535744071006775,
            0.03270944952964783
        ],
        2.384185791015625e-06
    ],
    "toe_L": [
        [
            0.04379384219646454,
            -0.1535744071006775,
            0.03270949795842171
        ],
        [
            0.04379384219646454,
            -0.3448341488838196,
            0.03270944207906723
        ],
        2.384185791015625e-07
    ],
    "heel_pivot_L": [
        [
            0.04379388317465782,
            0.028059184551239014,
            0
        ],
        [
            0.04379388317465782,
            0.12805917859077454,
            0
        ],
        0.0
    ],
    "toe_pivot_L": [
        [
            0.04341971129179001,
            -0.20832502841949463,
            0
        ],
        [
            0.04341971129179001,
            -0.30832505226135254,
            0
        ],
        0.0
    ],
    "inner_pivot_L": [
        [
            -0.01746314764022827,
            -0.023403,
            0
        ],
        [
            -0.01746314764022827,
            -0.22976669669151306,
            0
        ],
        0.0
    ],
    "outer_pivot_L": [
        [
            0.103249,
            -0.023403,
            0
        ],
        [
            0.103249,
            -0.22976669669151306,
            0
        ],
        0.0
    ],
    "ball_pivot_L": [
        [
            0.04379384219646454,
            -0.15357443690299988,
            0
        ],
        [
            0.04379384219646454,
            -0.053574442863464355,
            0
        ],
        0.0
    ],
    "leg_control_L": [
        [
            0.04341971129179001,
            -0.3545364737510681,
            -1.4901162970204496e-08
        ],
        [
            0.04341971129179001,
            -0.45453640818595886,
            -1.4901162970204496e-08
        ],
        0.0
    ],
    "heel_control_L": [
        [
            0.04379388317465782,
            0.13669994473457336,
            0.06437627971172333
        ],
        [
            0.04379388317465782,
            0.23669999837875366,
            0.06437627971172333
        ],
        0.0
    ]
}