{
    "index_finger_L_1": [
        [
            0.8332886099815369,
            -0.012508760206401348,
            1.2824698686599731
        ],
        [
            0.8780274391174316,
            -0.012508761137723923,
            1.2780219316482544
        ],
        -7.152557373046875e-07
    ],
    "index_finger_L_2": [
        [
            0.8780274391174316,
            -0.012508761137723923,
            1.2780219316482544
        ],
        [
            0.9066660404205322,
            -0.012508761137723923,
            1.2751747369766235
        ],
        -2.6226043701171875e-06
    ],
    "index_finger_L_3": [
        [
            0.9066660404205322,
            -0.012508761137723923,
            1.2751747369766235
        ],
        [
            0.9402425289154053,
            -0.012508761137723923,
            1.271836519241333
        ],
        -7.152557373046875e-07
    ],
    "index_finger_L_4": [
        [
            0.9402429461479187,
            -0.012508761137723923,
            1.271836519241333
        ],
        [
            0.9738194346427917,
            -0.012508761137723923,
            1.2684983015060425
        ],
        0.0
    ],
    "ring_finger_L_1": [
        [
            0.8327810764312744,
            0.029177725315093994,
            1.2802388668060303
        ],
        [
            0.8810742497444153,
            0.029177727177739143,
            1.2766965627670288
        ],
        -4.76837158203125e-07
    ],
    "ring_finger_L_2": [
        [
            0.8810742497444153,
            0.029177727177739143,
            1.2766965627670288
        ],
        [
            0.9087933301925659,
            0.029177727177739143,
            1.2746633291244507
        ],
        9.5367431640625e-07
    ],
    "ring_finger_L_3": [
        [
            0.9087933301925659,
            0.029177727177739143,
            1.2746633291244507
        ],
        [
            0.9430164098739624,
            0.029177727177739143,
            1.2721531391143799
        ],
        -1.9073486328125e-06
    ],
    "ring_finger_L_4": [
        [
            0.9430160522460938,
            0.029177727177739143,
            1.2721531391143799
        ],
        [
            0.9772391319274902,
            0.029177727177739143,
            1.2696428298950195
        ],
        0.0
    ],
    "middle_finger_L_1": [
        [
            0.8341078758239746,
            0.008538125082850456,
            1.2801415920257568
        ],
        [
            0.8840704560279846,
            0.00853812601417303,
            1.2764768600463867
        ],
        -9.5367431640625e-07
    ],
    "middle_finger_L_2": [
        [
            0.8840704560279846,
            0.00853812601417303,
            1.2764768600463867
        ],
        [
            0.9133094549179077,
            0.00853812601417303,
            1.2743321657180786
        ],
        0.0
    ],
    "middle_finger_L_3": [
        [
            0.9133094549179077,
            0.00853812601417303,
            1.2743321657180786
        ],
        [
            0.948348343372345,
            0.00853812601417303,
            1.2717621326446533
        ],
        -2.1457672119140625e-06
    ],
    "middle_finger_L_4": [
        [
            0.9483481645584106,
            0.00853812601417303,
            1.2717621326446533
        ],
        [
            0.9833870530128479,
            0.00853812601417303,
            1.2691919803619385
        ],
        0.0
    ],
    "pinky_finger_L_1": [
        [
            0.8298503160476685,
            0.046096328645944595,
            1.2804539203643799
        ],
        [
            0.8745172023773193,
            0.046096328645944595,
            1.2749921083450317
        ],
        4.76837158203125e-07
    ],
    "pinky_finger_L_2": [
        [
            0.8745172023773193,
            0.046096328645944595,
            1.2749921083450317
        ],
        [
            0.9003174901008606,
            0.046096328645944595,
            1.2718373537063599
        ],
        -2.384185791015625e-06
    ],
    "pinky_finger_L_3": [
        [
            0.9003174901008606,
            0.046096328645944595,
            1.2718373537063599
        ],
        [
            0.9341087937355042,
            0.046096328645944595,
            1.2677054405212402
        ],
        -1.1920928955078125e-06
    ],
    "pinky_finger_L_4": [
        [
            0.9341089129447937,
            0.046096328645944595,
            1.2677054405212402
        ],
        [
            0.9679002165794373,
            0.046096328645944595,
            1.2635735273361206
        ],
        0.0
    ],
    "thumb_L_1": [
        [
            0.7769919633865356,
            -0.010238256305456161,
            1.2687366008758545
        ],
        [
            0.7968106269836426,
            -0.04245293140411377,
            1.2587566375732422
        ],
        1.5708
    ],
    "thumb_L_2": [
        [
            0.7968106269836426,
            -0.04245293140411377,
            1.2587566375732422
        ],
        [
            0.8124486804008484,
            -0.06395035982131958,
            1.2532448768615723
        ],
        1.5708
    ],
    "thumb_L_3": [
        [
            0.8124486207962036,
            -0.06395027041435242,
            1.2532448768615723
        ],
        [
            0.8280866146087646,
            -0.08544770628213882,
            1.2477329969406128
        ],
        1.5708
    ],
    "hand_control_L": [
        [
            1.0207016468048096,
            0.010344918817281723,
            1.2701246738433838
        ],
        [
            1.0627326965332031,
            0.010344918817281723,
            1.2701246738433838
        ],
        0.0
    ]
}