{
    "upper_leg_L": [
        [
            0.04379388317465782,
            -0.015349,
            0.914714 
        ],
        [
            0.04379388317465782,
            -0.036615 ,
            0.560973
        ],
        0       
    ],
    "lower_leg_L": [
        [
            0.04379388317465782,
            -0.036615 ,
            0.560973
        ],
        [
            0.04379388317465782,
            -0.03567779064178467,
            0.06437629461288452
        ],
        0   
    ],
    "ankle_L": [
        [
            0.04379388317465782,
            -0.03567779064178467,
            0.06437629461288452
        ],
        [
            0.04379388317465782,
            -0.1535744071006775,
            0.03270944952964783
        ],
        0
    ]
 }