{
    "clavicle_L": [
        [
            0.065207,
            0.015636,
            1.30809
        ],
        [
            0.15652,
            0.015636,
            1.30809
        ],
        1.5708
    ],
    "upper_arm_L": [
        [
            0.1565195769071579,
            0.01563592441380024,
            1.3080878257751465
        ],
        [
            0.4281124472618103,
            0.025207877159118652,
            1.2984610795974731
        ],
        1.5708
    ],
    "lower_arm_L": [
        [
            0.4281124472618103,
            0.025207877159118652,
            1.2984610795974731
        ],
        [
            0.7104924321174622,
            0.01910443976521492,
            1.2884520292282104
        ],
        1.5708
    ],
    "wrist_L": [
        [
            0.7104924321174622,
            0.01910443976521492,
            1.2884520292282104
        ],
        [
            0.7781301736831665,
            0.017642498016357422,
            1.2860546112060547
        ],
        1.5708
    ]
}