{
    "pelvis_C_1": [
        [
            0.0,
            -0.013681445270776749,
            0.9533923864364624
        ],
        [
            0.0,
            -0.013681445270776749,
            0.7555716633796692
        ],
        0.0
    ],
    "spine_C_1": [
        [
            0.0,
            -0.013681445270776749,
            0.9533923864364624
        ],
        [
            0.0,
            -0.013681445270776749,
            1.046259880065918
        ],
        0.0
    ],
    "spine_C_2": [
        [
            0.0,
            -0.013681445270776749,
            1.046259880065918
        ],
        [
            0.0,
            -0.013681445270776749,
            1.1452099084854126
        ],
        0.0
    ],
    "spine_C_3": [
        [
            0.0,
            -0.013681445270776749,
            1.1452099084854126
        ],
        [
            3.885026737389411e-34,
            -0.005801675841212273,
            1.357553482055664
        ],
        0.0
    ],
    "neck_C_1": [
        [
            3.885026737389411e-34,
            -0.005801674909889698,
            1.357553482055664
        ],
        [
            4.716464452808073e-34,
            -0.007525242865085602,
            1.4065361022949219
        ],
        2.384185791015625e-07
    ],
    "neck_C_2": [
        [
            4.716464452808073e-34,
            -0.007525242865085602,
            1.4065361022949219
        ],
        [
            4.716464452808073e-34,
            -0.011145408265292645,
            1.5094184875488281
        ],
        0.0
    ],
    "head_C_1": [
        [
            4.716464452808073e-34,
            -0.011145408265292645,
            1.5094184875488281
        ],
        [
            2.3161050840597533e-23,
            -0.01457977294921875,
            1.6070204973220825
        ],
        0.0
    ]
}