{"tail_1_C": [[0.0, 0.0, 0.9511902332305908], [0.0, 0.10000002384185791, 0.9511902332305908], 0.0], "tail_2_C": [[0.0, 0.10000002384185791, 0.9511902332305908], [0.0, 0.20000004768371582, 0.9511902332305908], 0.0], "tail_3_C": [[0.0, 0.20000004768371582, 0.9511902332305908], [0.0, 0.30000007152557373, 0.9511902332305908], 0.0], "tail_4_C": [[0.0, 0.30000007152557373, 0.9511902332305908], [0.0, 0.40000009536743164, 0.9511902332305908], 0.0], "tail_5_C": [[0.0, 0.40000009536743164, 0.9511902332305908], [0.0, 0.5000001192092896, 0.9511902332305908], 0.0], "tail_6_C": [[0.0, 0.5000001192092896, 0.9511902332305908], [0.0, 0.6000001430511475, 0.9511902332305908], 0.0], "tail_7_C": [[0.0, 0.6000001430511475, 0.9511902332305908], [0.0, 0.7000001668930054, 0.9511902332305908], 0.0], "tail_8_C": [[0.0, 0.7000001668930054, 0.9511902332305908], [0.0, 0.8000001907348633, 0.9511902332305908], 0.0], "tail_9_C": [[0.0, 0.8000001907348633, 0.9511902332305908], [0.0, 0.9000002145767212, 0.9511902332305908], 0.0], "tail_10_C": [[0.0, 0.9000002145767212, 0.9511902332305908], [0.0, 1.000000238418579, 0.9511902332305908], 0.0]}